brand,name,category,price_range,image_url,product_url
Daniel Simmons,Wool Cashmere Overcoat Sage Green,Coat,$$$,https://danielsimmons.co/cdn/shop/files/8264-DanielSimmons_21.11.25_S8_TS6329_1296x.jpg?v=1764240319,https://danielsimmons.co/collections/all-products/products/wool-cashmere-overcoat-sage-green
Daniel Simmons,Japanese Flannel Shirt Green Pink,Shirt,$$$,https://danielsimmons.co/cdn/shop/files/JAPANESE_FLANNEL_SHIRT_Front_1296x.jpg?v=1765980038,https://danielsimmons.co/collections/all-products/products/japanese-flannel-shirt-green-pink
Daniel Simmons,Colorado Jacket Charcoal Gray,Jacket,$$$,https://danielsimmons.co/cdn/shop/files/COLORADO_SH_JACKET_Front_1296x.jpg?v=1765978014,https://danielsimmons.co/collections/all-products/products/colorado-jacket-charcoal-gray
Daniel Simmons,Layered Long Sleeve TShirt  Grey Cream,Shirt,$$,https://danielsimmons.co/cdn/shop/files/DOUBLE_LAYER_LS_1296x.jpg?v=1761393574,https://danielsimmons.co/collections/all-products/products/layered-long-sleeve-t-shirt-grey-cream
Daniel Simmons,Long Button Henley  Black,Henley,$$,https://danielsimmons.co/cdn/shop/files/LONG_BUTTON_HENLEY_1296x.jpg?v=1761393903,https://danielsimmons.co/collections/all-products/products/long-button-henley-black
Daniel Simmons,Merino Knit Q Zip Sweater  Grey,Sweater,$$$,https://danielsimmons.co/cdn/shop/files/Q_ZIP_SWEATER_GREY1_1296x.jpg?v=1758621264,https://danielsimmons.co/collections/all-products/products/merino-knit-q-zip-sweater-grey
Daniel Simmons,Merino Knit Sweater  Black,Sweate,$$$,https://danielsimmons.co/cdn/shop/files/MERINO_KNIT_SWEATER_BLACK_8875e345-8524-486d-b4b6-ecdf7b0d61d6_1296x.jpg?v=1765981631,https://danielsimmons.co/collections/all-products/products/merino-knit-sweater-black
Daniel Simmons,Soft Handle Essential Pleated Trousers  Charcoal Grey,Trousers,$$,https://danielsimmons.co/cdn/shop/files/ESSENTIAL_TROUSER_SOFT_GREY_HANGER_1296x.jpg?v=1758621580,https://danielsimmons.co/collections/all-products/products/soft-handle-essential-pleated-trousers-charcoal-grey
Daniel Simmons,Forest Pleated Trousers  Black,Trousers,$$,https://danielsimmons.co/cdn/shop/files/FOREST_PLEATED_TROUSERS_BLACK_01_1296x.jpg?v=1758620806,https://danielsimmons.co/collections/all-products/products/forest-pleated-trousers-black
Daniel Simmons,Forest Pleated Trousers  Brown,Trousers,$$,https://danielsimmons.co/cdn/shop/files/FOREST_PLEATED_TROUSERS_BROWN_01_1296x.jpg?v=1758620819,https://danielsimmons.co/collections/all-products/products/forest-pleated-trousers-brown
Daniel Simmons,Alpaca Wool Fringed Scarf  Dark Navy,Scarf,$$,https://danielsimmons.co/cdn/shop/files/MOHAIR_SCARF_Front_1296x.jpg?v=1764798716,https://danielsimmons.co/collections/all-products/products/alpaca-wool-fringed-scarf-dark-navy
Daniel Simmons,Denim NY Cap  Black,Cap,$$,https://danielsimmons.co/cdn/shop/files/DENIM_SCRIPT_CAP_Front_1296x.jpg?v=1765450269,https://danielsimmons.co/collections/all-products/products/denim-ny-cap-black
Daniel Simmons,Soft Handle Essential Pleated Trousers  Pebble,Trousers,$$,https://danielsimmons.co/cdn/shop/files/SH_ESSENTIAL_PEBBLE_FRONT_1296x.jpg?v=1758621598,https://danielsimmons.co/collections/all-products/products/soft-handle-essential-pleated-trousers-pebble
Daniel Simmons,Soft Handle Essential Pleated Trousers  Black,Trousers,$$,https://danielsimmons.co/cdn/shop/files/SH_ESSENTIAL_BLACK_FRONT_1296x.jpg?v=1758621572,https://danielsimmons.co/collections/all-products/products/soft-handle-essential-pleated-trousers-black
Daniel Simmons,Wax Work Jacket  Heritage Green,Jacket,$$$,https://danielsimmons.co/cdn/shop/files/WAX_JACKET_GREEN_2_1296x.jpg?v=1763813184,https://danielsimmons.co/collections/all-products/products/wax-work-jacket-heritage-green
Daniel Simmons,Fatigue Trousers  Slate Green,Trousers,$$,https://danielsimmons.co/cdn/shop/files/FATIGUE_TROUSERS_GREEN_1296x.jpg?v=1761562544,https://danielsimmons.co/collections/all-products/products/fatigue-trousers-slate-green
Daniel Simmons,Fatigue Trousers  Vintage Navy,Trousers,$$,https://danielsimmons.co/cdn/shop/files/FATIGUE_TROUSERS_NAVY_1296x.jpg?v=1761391698,https://danielsimmons.co/collections/all-products/products/fatigue-trousers-vintage-navy
Daniel Simmons,Wax Work Jacket  Antique Brown,Jacket,$$$,https://danielsimmons.co/cdn/shop/files/WAX_WORK_JACKET_1296x.jpg?v=1758621753,https://danielsimmons.co/collections/all-products/products/wax-work-jacket-antique-brown
Daniel Simmons,Varsity Intarsia Knit Sweater  Cream Navy,Sweater,$$$,https://danielsimmons.co/cdn/shop/files/VARSITY_KNIT_CREAM_NAVY_1296x.jpg?v=1758621719,https://danielsimmons.co/collections/all-products/products/varsity-knit-intarsia-sweater-cream-navy
Daniel Simmons,Varsity Intarsia Knit Sweater  Navy Orange,Sweater,$$$,https://danielsimmons.co/cdn/shop/files/VARSITY_KNIT_NAVY_ORANGE_1296x.jpg?v=1758621734,https://danielsimmons.co/collections/all-products/products/varsity-knit-intarsia-sweater-navy
Daniel Simmons,Merino Roll Neck Sweater  Grey,Sweater,$$$,https://danielsimmons.co/cdn/shop/files/ROLL_NECK_GREY_1296x.jpg?v=1758705994,https://danielsimmons.co/collections/all-products/products/merino-roll-neck-sweater-grey
Daniel Simmons,Merino Roll Neck Sweater  Mahogany Brown,Sweater,$$$,https://danielsimmons.co/cdn/shop/files/ROLL_NECK_BROWN_1296x.jpg?v=1758705953,https://danielsimmons.co/collections/all-products/products/merino-roll-neck-sweater-brown
Daniel Simmons,Wool Zip Up Fleece  Brown,Fleece,$$$,https://danielsimmons.co/cdn/shop/files/FULL_ZIP_FLEECE_BROWN_e4ecda37-0e21-4525-a538-e0c8b9710b56_1296x.jpg?v=1758719857,https://danielsimmons.co/collections/all-products/products/wool-zip-up-fleece-brown
Daniel Simmons,Wool Zip Up Fleece  Cream,Fleece,$$$,https://danielsimmons.co/cdn/shop/files/FULL_ZIP_FLEECE_CREAM_86f8abe4-e5dc-49b0-bdc4-7a309d743d40_1296x.jpg?v=1758977607,https://danielsimmons.co/collections/all-products/products/wool-zip-up-fleece-cream
Daniel Simmons,Wool Zip Up Fleece  Navy,Fleece,$$$,https://danielsimmons.co/cdn/shop/files/FULL_ZIP_FLEECE_NAVY_c8c78a81-7366-4902-8f4f-da78e04274fa_1296x.jpg?v=1758719877,https://danielsimmons.co/collections/all-products/products/wool-zip-up-fleece-navy
Daniel Simmons,Wool Zip Up Fleece  Orange,Fleece,$$$,https://danielsimmons.co/cdn/shop/files/FULL_ZIP_FLEECE_ORANGE_1296x.jpg?v=1758719801,https://danielsimmons.co/collections/all-products/products/wool-zip-up-fleece-orange
Daniel Simmons,Wool Zip Up Fleece  Green,Fleece,$$$,https://danielsimmons.co/cdn/shop/files/FULL_ZIP_FLEECE_GREEN_1296x.jpg?v=1758719718,https://danielsimmons.co/collections/all-products/products/wool-zip-up-fleece-green
Daniel Simmons,Merino Knit QZip Sweater  Hot Pink,Sweater,$$$,https://danielsimmons.co/cdn/shop/files/Q_ZIP_SWEATER_PINK_1296x.jpg?v=1758621289,https://danielsimmons.co/collections/all-products/products/merino-knit-q-zip-sweater-hot-pink
Daniel Simmons,Merino Knit QZip Sweater  Navy,Sweater,$$$,https://danielsimmons.co/cdn/shop/files/Q_ZIP_SWEATER_NAVY_1296x.jpg?v=1758621316,https://danielsimmons.co/collections/all-products/products/merino-knit-q-zip-sweater-navy
Every Other Thursday,Everyday TShirt,T-Shirt,$,https://everyotherthursday.com/cdn/shop/files/EOTSS25ECOM-795_fafefb42-0e29-4cbd-be6b-cabdfc620d06_960x_crop_center.jpg?v=1767045137,https://everyotherthursday.com/collections/tops-1/products/everyday-t-shirt?variant=45310401446106
Every Other Thursday,Leather Thomas Jacket,Jacket,$$$,https://everyotherthursday.com/cdn/shop/files/EOTSS26ECOm-1083_b18c03f8-6dab-4744-8d7b-83c26f5da703_960x_crop_center.jpg?v=1766701725,https://everyotherthursday.com/collections/tops-1/products/leather-thomas-jacket?variant=47065817710810
Every Other Thursday,Suede Thomas Jacket,Jacket,$$$,https://everyotherthursday.com/cdn/shop/files/EOTSS26ECOm-978_88ee2c54-6d41-4ba5-a17f-209974850eca_960x_crop_center.jpg?v=1766697146,https://everyotherthursday.com/collections/tops-1/products/suede-thomas-jacket?variant=47065752076506
Every Other Thursday,Cashmere Logo Knit Sweater,Sweater,$$,https://everyotherthursday.com/cdn/shop/files/EOTFW24ECOM-937_e519701a-d248-4242-8263-379e975512b2_960x_crop_center.jpg?v=1766697568,https://everyotherthursday.com/collections/tops-1/products/cashmere-logo-knit-sweater?variant=44382532796634
Every Other Thursday,Relaxed Denim Shirt,Shirt,$$,https://everyotherthursday.com/cdn/shop/files/EOTFW26ECOm-307_b3ad5152-b982-4641-a074-8699e646b853_960x1200_crop_center.jpg?v=1766696107,https://everyotherthursday.com/collections/tops-1/products/relaxed-denim-shirt?variant=46726515654874 
Every Other Thursday,Wool Fisherman Knit Sweater,Sweater,$$,https://everyotherthursday.com/cdn/shop/files/EOTFW26ECOm-167_6fd73b1d-cdc4-47c3-9a86-3149088158f7_960x_crop_center.jpg?v=1766696415,https://everyotherthursday.com/collections/tops-1/products/wool-fisherman-knit-sweater?variant=45479918010586
Every Other Thursday,Linen Blend Drape Shirt,Shirt,$$,https://everyotherthursday.com/cdn/shop/files/LongsleeveDrapeWhite_480fda84-f566-4346-bf1a-062fa6554f84_960x_crop_center.jpg?v=1733441638,https://everyotherthursday.com/collections/tops-1/products/long-sleeve-drape-shirt?variant=45023459999962
Every Other Thursday,Waffle Knit Cardigan,Cardigan,$$,https://everyotherthursday.com/cdn/shop/files/EOTFW26ECOm-280_ac5b2da0-7dfa-4ba2-b961-7d5d728d3e99_960x_crop_center.jpg?v=1766696872,https://everyotherthursday.com/collections/tops-1/products/wool-waffle-knit-cardigan?variant=46726237094106
Every Other Thursday,Relaxed Dress Shirt,Shirt,$$,https://everyotherthursday.com/cdn/shop/files/EOTSS26ECOm-1407-2_960x_crop_center.jpg?v=1768572044,https://everyotherthursday.com/collections/tops-1/products/relaxed-dress-shirt?variant=46347901731034
Every Other Thursday,High Pile Fleece Jacket,Jacket,$$,https://everyotherthursday.com/cdn/shop/files/CreamFleeceFront_960x_crop_center.jpg?v=1764450699,https://everyotherthursday.com/collections/tops-1/products/high-pile-fleece-jacket?variant=43907485499610
Every Other Thursday,Fatigue Pants,Pants,$$,https://everyotherthursday.com/cdn/shop/files/EOTFW26ECOm-351_62947db3-741e-4d8f-8ebc-408e9c8d9916_960x_crop_center.jpg?v=1766776117,https://everyotherthursday.com/collections/tops/products/fatigue-pants?variant=45047153688794
Every Other Thursday,Fatigue Pants,Pants,$$,https://everyotherthursday.com/cdn/shop/files/EOTFW26ECOm-324_d141df42-dcfa-4687-92d3-2896bc2eb4da_960x_crop_center.jpg?v=1768571879,https://everyotherthursday.com/collections/tops/products/fatigue-pants?variant=46220441780442
Every Other Thursday,Four Pocket Denim,Pants,$$,https://everyotherthursday.com/cdn/shop/files/EOTSS26ECOm-800_e1688bad-0f83-4955-942c-4a1d98d31155_960x_crop_center.jpg?v=1768421677,https://everyotherthursday.com/collections/tops/products/four-pocket-denim?variant=46220449677530
Every Other Thursday,Wide Leg Sweatpants,Sweatpants,$$,https://everyotherthursday.com/cdn/shop/files/EOTSS25CAMPAIGN-039_960x_crop_center.jpg?v=1768421864,https://everyotherthursday.com/collections/tops/products/straight-leg-sweatpants?variant=46220500500698
Every Other Thursday,OffTrack Shorts,Shorts,$,https://everyotherthursday.com/cdn/shop/files/EOTSS25ECOM-708_ca81dbf7-b3ea-4c79-9c80-81a51eb51250_960x_crop_center.jpg?v=1768521955,https://everyotherthursday.com/collections/tops/products/off-track-shorts?variant=46127774728410
Every Other Thursday,OffTrack Shorts,Shorts,$,https://everyotherthursday.com/cdn/shop/files/EOTSS25ECOM-664_5ff88f82-383d-4d5e-b349-b8328d9877e3_960x_crop_center.jpg?v=1768521955,https://everyotherthursday.com/collections/tops/products/off-track-shorts?variant=46127774499034
Every Other Thursday,OffTrack Shorts,Shorts,$,https://everyotherthursday.com/cdn/shop/files/EOTSS25ECOM-637_b1bf6f93-5c78-4760-b892-1eeab1141700_960x_crop_center.jpg?v=1768521955,https://everyotherthursday.com/collections/tops/products/off-track-shorts?variant=46127774695642
Poolhouse New York,Los Feliz Crop Muscle Tee  Henley Long Sleeve,T-Shirt,$$,https://poolhousenewyork.com/cdn/shop/files/henley_los_feliz_crop_muscle_tee_long_sleeve_fitted_t-shirt_crop_tee_mens_fashion_white_3_61eb370f-8ba3-4e29-9064-1ef2eae93d99_960x_crop_center.jpg?v=1764904246,https://poolhousenewyork.com/collections/mens-t-shirts/products/los-feliz-crop-muscle-tee-henley-long-sleeve
Poolhouse New York,Los Feliz Crop Muscle Tee II  Long Sleeve,T-Shirt,$$,https://poolhousenewyork.com/cdn/shop/files/longsleevelosfelizcropmuscleteebabylongsleeveteemadeinusashopifyjsj_960x_crop_center.jpg?v=1762446027,https://poolhousenewyork.com/collections/mens-t-shirts/products/los-feliz-crop-muscle-tee-ii-long-sleeve-1
Poolhouse New York,Los Feliz Crop Muscle Tee II  Ultraweight  16oz,T-Shirt,$$,https://poolhousenewyork.com/cdn/shop/files/heavyweight_los_feliz_crop_muscle_tee_fitted_tee_mens_crop_tee_the_bear_merz_b_schawen_made_in_usa_white_34_960x_crop_center.jpg?v=1764278246,https://poolhousenewyork.com/collections/mens-t-shirts/products/los-feliz-crop-muscle-tee-ii-heavyweight-25-copy
Poolhouse New York,Tony Baby Tee  Mens  Heavyweight  13.5oz,T-Shirt,$$,https://poolhousenewyork.com/cdn/shop/files/heavyweight_tony_baby_tee_mens_crop_tee_fitted_t-shirt_the_bear_merz_b_schawen_alternative_better_white_333_960x_crop_center.jpg?v=1766105444,https://poolhousenewyork.com/collections/mens-t-shirts/products/tony-baby-tee-mens-heavyweight
Poolhouse New York,Silverlake Crop Tee II,T-Shirt,$$,https://poolhousenewyork.com/cdn/shop/files/silverlake_crop_tee_boxy_mens_fashion_streetwear_100_cotton_natural_off_white_960x_crop_center.jpg?v=1761867484,https://poolhousenewyork.com/collections/mens-t-shirts/products/the-silverlake-crop-tee-ii-3
Poolhouse New York,Bleecker Cinched Crop Hoodie  Relaxed DropShoulder,Hoodie,$$,https://poolhousenewyork.com/cdn/shop/files/bleecker_hoodie_cinched_crop_drop_shoulder_made_in_usa_100_cotton_hoodie_black_960x_crop_center.jpg?v=1767748513,https://poolhousenewyork.com/collections/mens-zip-ups/products/bleecker-crop-cinched-hoodie-relaxed-drop-shoulder
Poolhouse New York,Los Feliz Crop Muscle Hoodie  Fitted,Hoodie,$$,https://poolhousenewyork.com/cdn/shop/files/losfelizcropmusclehoodiefittedhoodiecrophoodieshpoifyphred_960x_crop_center.jpg?v=1767911331,https://poolhousenewyork.com/collections/mens-zip-ups/products/los-feliz-crop-muscle-hoodie
Poolhouse New York,Los Feliz Crop Muscle Hoodie  Fitted,Hoodie,$$,https://poolhousenewyork.com/cdn/shop/files/los_feliz_crop_muscle_hoodie_fitted_hoodie_crop_hoodie_shpoify_dark_grey_2_960x_crop_center.jpg?v=1767911304,https://poolhousenewyork.com/collections/mens-zip-ups/products/los-feliz-crop-muscle-hoodie-fitted-2
Poolhouse New York,The Bowery Crop Hoodie,Hoodie,$$,https://poolhousenewyork.com/cdn/shop/files/bowery_crop_hoodie_white_background_shopify_crop_hoodie_mens_fashion_streetwear_women_s_fashion_made_in_usa_balck39_770x_crop_center.jpg?v=1745903645,https://poolhousenewyork.com/collections/mens-zip-ups/products/the-bowery-crop-hoodie-coming-soon-2
Poolhouse New York,The Mercer Crop Zip II,Zip,$$,https://poolhousenewyork.com/cdn/shop/files/mercer_crop_zip_up_flat_lay_made_in_usa_french_terry_fleece_crop_hoodie_mens_hoodie_womens_hoodie_heavyweight_double_layer_yeezy_hoodie_madfg_770x_crop_center.jpg?v=1735617983,https://poolhousenewyork.com/collections/mens-zip-ups/products/the-mercer-crop-zip-ii-9
Poolhouse New York,The Mercer Crop Zip II,Zip,$$,https://poolhousenewyork.com/cdn/shop/files/mercer_crop_zip_up_flat_lay_made_in_usa_french_terry_fleece_crop_hoodie_mens_hoodie_womens_hoodie_heavyweight_double_layer_yeezy_hoodie_sdf_770x_crop_center.jpg?v=1735617986,https://poolhousenewyork.com/collections/mens-zip-ups/products/the-mercer-crop-zip-ii-1
Poolhouse New York,Tokyo Dad Jeans  Baggy Wide Leg,Jeans,$$,https://poolhousenewyork.com/cdn/shop/files/tokyo_dad_jeans_metal_black_baggy_wide_leg_flare_jeans_made_in_usa_cone_denim_ktwo_pinup_yuremane_discontd_elwood_jaden_lndn_jaden_man_pool_house_new_york_1_960x_crop_center.jpg?v=1751569899,https://poolhousenewyork.com/collections/jeans/products/the-tokyo-dad-jeans-copy
Poolhouse New York,Tokyo Dad Jeans  Baggy Wide Leg,Jeans,$$,https://poolhousenewyork.com/cdn/shop/files/tokyo_straight_wide_natural_and_olive_white_background-Recovered_raw_black_20x_crop_center.jpg?v=1767313676,https://poolhousenewyork.com/collections/jeans/products/the-tokyo-dad-jeans-copy
Poolhouse New York,Shibuya Chino Pants  Baggy Wide Leg,Pants,$$,https://poolhousenewyork.com/cdn/shop/files/shibuya_chino_pants_white_background_shopify_wide_leg_chinos_pants_khaki_770x_crop_center.jpg?v=1764904190,https://poolhousenewyork.com/collections/jeans/products/shibuya-chino-pants-baggy-wide-leg-1
Poolhouse New York,Tokyo Dad Jeans  Straight Wide Leg,Jeans,$$,https://poolhousenewyork.com/cdn/shop/files/tokyo_straight_wide_natural_and_olive_white_background_olive_i3_770x_crop_center.jpg?v=1764278216,https://poolhousenewyork.com/collections/jeans/products/twisted-tokyo-jeans-straight-wide-leg-copy
Poolhouse New York,Pasadena Dad Jeans  Straight Leg  Cone Denim,Jeans,$$,https://poolhousenewyork.com/cdn/shop/files/pasadena_straight_leg_jeans_white_background_raw_denim_cone_770x_crop_center.jpg?v=1763069435,https://poolhousenewyork.com/collections/jeans/products/tokyo-dad-jeans-baggy-wide-leg-1
Poolhouse New York,Twisted Tokyo Dad Jeans  Baggy Wide Leg,Jeans,$$,https://poolhousenewyork.com/cdn/shop/files/twisted_tokyo_jeans_raw_indigo_cone_denim_baggy_wide_leg_fit_subtle_flare_jeans_japanese_selvedge_ktwo_discontd_streetwear_fashion_la_fashion_770x_crop_center.jpg?v=1753985116,https://poolhousenewyork.com/collections/jeans/products/twisted-tokyo-dad-jeans-baggy-wide-leg
Poolhouse New York,Malibu Twill Pants,Jeans,$$,https://poolhousenewyork.com/cdn/shop/files/malibu_japanese_twill_cotton_pants_wide_leg_baggy_balloon_baggy_linen_like_pants_summer_lightweight_pants_shopify_grene_olive_770x_crop_center.jpg?v=1752793993,https://poolhousenewyork.com/collections/jeans/products/malibu-pants-japanese-twill-1
Mutimer,Leather Jacket,Jacket,$$$,https://mutimer.co/cdn/shop/files/HTMS34IG.png?v=1754437616&width=1000,https://mutimer.co/collections/outerwear/products/leather-jacket
Mutimer,Raw Denim Jacket,Jacket,$$$,https://mutimer.co/cdn/shop/files/HTMS39IG.png?v=1754437935&width=1000,https://mutimer.co/collections/outerwear/products/raw-denim-jacket
Mutimer,Chopped & Waxed Coat,Coat,$$$,https://mutimer.co/cdn/shop/files/HTMS31IG.png?v=1754437934&width=1000,https://mutimer.co/collections/outerwear/products/chopped-waxed-coat
Mutimer,Chore Coat,Coat,$$$,https://mutimer.co/cdn/shop/files/UTBS16Square.png?v=1754437675&width=1000,https://mutimer.co/collections/outerwear/products/chore-coat
Mutimer,Leather Bomber Jacket,Jacket,$$$,https://mutimer.co/cdn/shop/files/HAL18IG.png?v=1756882554&width=1000,https://mutimer.co/collections/outerwear/products/leather-bomber-jacket
Mutimer,Raw Denim Workwear Jacket,Jacket,$$$,https://mutimer.co/cdn/shop/files/HAL16IG.png?v=1757299911&width=1000,https://mutimer.co/collections/outerwear/products/raw-denim-workwear-jacket
Mutimer,Bullrider Jacket,Jacket,$$$,https://mutimer.co/cdn/shop/files/TLABR_WEB012.png?v=1754456033&width=1000,https://mutimer.co/collections/outerwear/products/bullrider-jacket
Mutimer,Aged Heavy Wash Leather Jacket,Jacket,$$$,https://mutimer.co/cdn/shop/files/TLABR_WEB022.png?v=1754528034&width=1000,https://mutimer.co/collections/outerwear/products/aged-heavy-wash-leather-jacket
Mutimer,Distressed Leather Jacket,Jacket,$$$,https://mutimer.co/cdn/shop/files/WABT13IG_2.png?v=1754437798&width=1000,https://mutimer.co/collections/outerwear/products/distressed-leather-jacket
Mutimer,Thierry Jacket,Jacket,$$$,https://mutimer.co/cdn/shop/files/TM-018.png?v=1754438162&width=1000,https://mutimer.co/collections/outerwear/products/thierry-jacket
Mutimer,Suede Dinner Jacket,Jacket,$$$,https://mutimer.co/cdn/shop/files/SYDWEB_013.png?v=1754437856&width=1000,https://mutimer.co/collections/outerwear/products/suede-dinner-jacket
Mutimer,Olympian Track Jacket,Jacket,$$,https://mutimer.co/cdn/shop/files/AUS02PP.png?v=1754437140&width=1000,https://mutimer.co/collections/outerwear/products/olympian-track-jacket
Mutimer,Everyday Pleats,Pants,$$,https://mutimer.co/cdn/shop/files/WABT05IG.png?v=1754437743&width=1000,https://mutimer.co/collections/bottoms/products/everyday-pleats
Mutimer,Ghost Pleated Denim,Pants,$$,https://mutimer.co/cdn/shop/files/HTMS22IG.png?v=1754437931&width=1000,https://mutimer.co/collections/bottoms/products/ghost-pleated-denim
Mutimer,Raw Pleated Shorts,Shorts,$$,https://mutimer.co/cdn/shop/files/Mutimer_Oct_WEB_035.jpg?v=1764363717&width=1600,https://mutimer.co/collections/bottoms/products/raw-pleated-shorts
Mutimer,Side Pleat Shorts,Shorts,$$,https://mutimer.co/cdn/shop/files/Mutimer_Oct_WEB_024.jpg?v=1763000923&width=1600,https://mutimer.co/collections/bottoms/products/side-pleat-shorts
Mutimer,Olive Side Pleat Shorts,Shorts,$$,https://mutimer.co/cdn/shop/files/Mutimer_Oct_WEB_021.jpg?v=1762988794&width=1600,https://mutimer.co/collections/bottoms/products/olive-side-pleat-shorts
Mutimer,Cowboy Denim,Pants,$$,https://mutimer.co/cdn/shop/files/HAL13IG.png?v=1756882554&width=1000,https://mutimer.co/collections/bottoms/products/cowboy-denim-carbon
Mutimer,Raw Denim ALine Skirt,Skirt,$$,https://mutimer.co/cdn/shop/files/HAL11IG.png?v=1757299916&width=1000,https://mutimer.co/collections/bottoms/products/raw-denim-a-line-skirt
Mutimer,Double Black Selvedge Denim,Pants,$$,https://mutimer.co/cdn/shop/files/TLABR_WEB08.png?v=1754456036&width=1000,https://mutimer.co/collections/bottoms/products/selvedge-denim-double-black
33mm,Zayn Leather Jacket Brown,Jacket,$$,https://us.33-mm.com/cdn/shop/files/BrownZaynWithLogoUpdated_8f8eebf5-819c-4c7b-8765-0089a4a86498.png?v=1767630087&width=720,https://us.33-mm.com/products/zayn
33mm,Dylan Trousers Black,Pants,$$,https://us.33-mm.com/cdn/shop/files/DYLAN-BLACK-REEDIT.png?v=1757430873&width=720,https://us.33-mm.com/products/dylan
33mm,Fabien Cotton Shirt,Shirt,$$,https://us.33-mm.com/cdn/shop/files/fabien_29019b59-e987-41bd-abec-67d75494e2d6.png?v=1762778017&width=720,https://us.33-mm.com/products/fabien
33mm,Lorenzo Cotton Shirt,Shirt,$$,https://us.33-mm.com/cdn/shop/files/LORENZO.png?v=1757430361&width=720,https://us.33-mm.com/products/lorenzo
33mm,Gerard Pinstripe Trousers Grey,Trousers,$$,https://us.33-mm.com/cdn/shop/files/GERARD-GREY_4a919589-d4fb-43bd-9d3b-c6c5d762a7a4.png?v=1765368973&width=720,https://us.33-mm.com/products/gerard
33mm,Blaise Checked Shirt,Shirt,$$,https://us.33-mm.com/cdn/shop/files/BLAISE.png?v=1761218363&width=720,https://us.33-mm.com/products/blaise
33mm,Nolan Jacket,Jacket,$$,https://us.33-mm.com/cdn/shop/files/NOLAN.png?v=1757430178&width=720,https://us.33-mm.com/products/nolan-jacket
33mm,Brando Fitted TShirt White,T-shirt,$$,https://us.33-mm.com/cdn/shop/files/BRANDO_e2c7e05e-d9c5-4d3a-8f53-e993874f8a4b.png?v=1757430727&width=720,https://us.33-mm.com/products/brando
33mm,Calvin Seersucker Shirt,Shirt,$$,https://us.33-mm.com/cdn/shop/files/CALVIN.png?v=1757430488&width=720,https://us.33-mm.com/products/calvin
33mm,Farren Striped Trousers,Trousers,$$,https://us.33-mm.com/cdn/shop/files/FARREN.png?v=1757430177&width=720,https://us.33-mm.com/products/farren-striped-trousers
33mm,Lowen Barrel Leg Trouser,Trousers,$$,https://us.33-mm.com/cdn/shop/files/LOWEN.png?v=1761218396&width=720,https://us.33-mm.com/products/lowen
33mm,Silas Stripe Shirt,Shirt,$$,https://us.33-mm.com/cdn/shop/files/SILAS.png?v=1757430183&width=720,https://us.33-mm.com/products/silas-stripe-shirt
33mm,Myles Polo Knit,Sweater,$$,https://us.33-mm.com/cdn/shop/files/MYLES.png?v=1757430157&width=720,https://us.33-mm.com/products/myles-polo-knit
33mm,Mateo Cotton Polo Khaki,Sweater,$$,https://us.33-mm.com/cdn/shop/files/MATEO.png?v=1757430886&width=720,https://us.33-mm.com/products/mateo
33mm,Aspen Straight Trousers,Trousers,$$,https://us.33-mm.com/cdn/shop/files/ASPEN.png?v=1757430590&width=720,https://us.33-mm.com/products/aspen